{
  "RUTE_MERAH": {
    "asrama_ui_01": [
      -6.348371370044594,
      106.82976588606834
    ],
    "menwa_stasiun_ui_01": [
      -6.353501269466313,
      106.83177955448627
    ],
    "stasiun_ui_pfh_01": [
      -6.361072900888018,
      106.83170076459645
    ],
    "fh_1": [
      -6.364983,
      106.832194
    ],
    "balairung_1": [
      -6.368123497380745,
      106.83179095553365
    ],
    "rik_1": [
      -6.370236685157007,
      106.83098517385237
    ],
    "fkm_1": [
      -6.3716668368337395,
      106.82932819249058
    ],
    "fik_1": [
      -6.371088512673846,
      106.82699791990328
    ],
    "fmipa_1": [
      -6.369809612830173,
      106.82580587252201
    ],
    "sor_1": [
      -6.367011,
      106.824423
    ],
    "vokasi_1": [
      -6.366058787725648,
      106.8216582482053
    ],
    "ft_1": [
      -6.361095,
      106.82328
    ],
    "feb_1": [
      -6.35949913917977,
      106.82569009680529
    ],
    "fib_1": [
      -6.361214137874691,
      106.82973449112778
    ],
    "fisip_1": [
      -6.361806,
      106.830298
    ],
    "fpsi_1": [
      -6.362195,
      106.830708
    ],
    "stasiun_ui_asrama_01": [
      -6.361091337671866,
      106.83151019678667
    ],
    "menwa_asrama_01": [
      -6.353454,
      106.83166
    ],
    "asrama_ui_01_end": [
      -6.3482657,
      106.8290102
    ]
  },
  "RUTE_BIRU": {
    "asrama_ui_01": [
      -6.348371370044594,
      106.82976588606834
    ],
    "menwa_stasiun_ui_01": [
      -6.353501269466313,
      106.83177955448627
    ],
    "stasiun_ui_pfh_01": [
      -6.361072900888018,
      106.83170076459645
    ],
    "fpsi_0": [
      -6.362863216478405,
      106.83116676476716
    ],
    "fisip_0": [
      -6.361851592538432,
      106.83017030207668
    ],
    "fib_0": [
      -6.361162579997082,
      106.82953263555657
    ],
    "feb_0": [
      -6.3595848436420335,
      106.82567102227361
    ],
    "ft_0": [
      -6.361259487157272,
      106.82328047615815
    ],
    "vokasi_0": [
      -6.36602400695801,
      106.82178520753223
    ],
    "pusgiwa_0": [
      -6.36687,
      106.823805
    ],
    "fmipa_0": [
      -6.369851,
      106.82592
    ],
    "fik_0": [
      -6.3711470701376705,
      106.8271574115372
    ],
    "fkm_0": [
      -6.371565395131603,
      106.8291170819847
    ],
    "rik_0": [
      -6.3700790016587785,
      106.83087928707639
    ],
    "balairung_0": [
      -6.368111,
      106.83167
    ],
    "mui_0": [
      -6.365621,
      106.832026
    ],
    "fh_0": [
      -6.36442648973772,
      106.83207401982446
    ],
    "stasiun_ui_asrama_01": [
      -6.361091337671866,
      106.83151019678667
    ],
    "menwa_asrama_01": [
      -6.353454,
      106.83166
    ],
    "asrama_ui_01_end": [
      -6.3482657,
      106.8290102
    ]
  }
}